,PortID,機会損失,Date_Time,Available bikes
0,2,13.18181818,2024/10/1,6
1,10,1.2,2024/10/1,0
2,9,0.0,2024/10/1,3
3,13,0.0,2024/10/1,0
4,11,0.0,2024/10/1,2
5,8,0.0,2024/10/1,4
6,21,0.0,2024/10/1,6
7,19,0.0,2024/10/1,4
8,14,0.0,2024/10/1,2
9,16,3.857142857,2024/10/1,2
10,1,5.769230769,2024/10/1,0
11,18,0.692307692,2024/10/1,0
12,7,3.0,2024/10/1,0
13,4,10.28571429,2024/10/1,0
14,20,0.0,2024/10/1,5
15,3,1.8,2024/10/1,0
16,22,0.0,2024/10/1,2
17,23,0.666666667,2024/10/1,2
18,12,0.0,2024/10/1,3
19,15,15.0,2024/10/1,0
20,5,0.0,2024/10/1,2
21,17,7.0,2024/10/1,0
22,6,0.0,2024/10/1,1
23,2,10.8,2024/10/2,1
24,10,0.285714286,2024/10/2,1
25,9,0.0,2024/10/2,3
26,13,0.0,2024/10/2,0
27,11,0.0,2024/10/2,2
28,8,0.0,2024/10/2,7
29,39,0.0,2024/10/2,1
30,21,12.0,2024/10/2,4
31,19,0.0,2024/10/2,4
32,14,0.0,2024/10/2,3
33,16,0.461538462,2024/10/2,0
34,1,0.0,2024/10/2,2
35,18,0.285714286,2024/10/2,1
36,35,0.0,2024/10/2,5
37,34,0.0,2024/10/2,2
38,7,1.2,2024/10/2,0
39,26,0.142857143,2024/10/2,0
40,4,2.333333333,2024/10/2,0
41,20,0.0,2024/10/2,3
42,3,2.571428571,2024/10/2,0
43,24,0.0,2024/10/2,1
44,29,0.0,2024/10/2,2
45,40,0.666666667,2024/10/2,2
46,22,1.666666667,2024/10/2,1
47,36,0.0,2024/10/2,2
48,28,0.0,2024/10/2,1
49,23,0.0,2024/10/2,0
50,12,0.0,2024/10/2,8
51,25,0.0,2024/10/2,1
52,15,0.230769231,2024/10/2,0
53,33,0.0,2024/10/2,3
54,5,0.0,2024/10/2,2
55,17,0.133333333,2024/10/2,1
56,32,0.0,2024/10/2,2
57,31,0.0,2024/10/2,2
58,42,0.0,2024/10/2,2
59,38,0.0,2024/10/2,2
60,37,0.0,2024/10/2,4
61,6,0.461538462,2024/10/2,2
62,43,0.0,2024/10/2,3
63,30,0.0,2024/10/2,2
64,41,0.0,2024/10/2,2
65,27,0.0,2024/10/2,2
66,2,5.0,2024/10/3,3
67,10,0.777777778,2024/10/3,0
68,9,0.0,2024/10/3,4
69,13,0.0,2024/10/3,0
70,11,0.0,2024/10/3,3
71,8,0.0,2024/10/3,7
72,39,0.0,2024/10/3,4
73,21,2.333333333,2024/10/3,1
74,19,0.0,2024/10/3,5
75,14,0.0,2024/10/3,4
76,16,4.333333333,2024/10/3,1
77,1,0.0,2024/10/3,2
78,18,0.0,2024/10/3,3
79,35,0.0,2024/10/3,5
80,34,0.0,2024/10/3,3
81,7,3.111111111,2024/10/3,0
82,26,0.0,2024/10/3,2
83,4,7.0,2024/10/3,0
84,20,2.2,2024/10/3,1
85,3,0.909090909,2024/10/3,0
86,24,0.0,2024/10/3,0
87,29,0.0,2024/10/3,1
88,40,2.0,2024/10/3,1
89,22,0.0,2024/10/3,1
90,36,0.0,2024/10/3,2
91,28,0.0,2024/10/3,2
92,23,0.666666667,2024/10/3,2
93,12,0.0,2024/10/3,8
94,25,0.2,2024/10/3,1
95,15,1.666666667,2024/10/3,1
96,33,0.0,2024/10/3,3
97,5,0.0,2024/10/3,1
98,17,2.2,2024/10/3,0
99,32,0.0,2024/10/3,1
100,31,0.0,2024/10/3,1
101,42,0.454545455,2024/10/3,1
102,38,0.0,2024/10/3,1
103,37,0.0,2024/10/3,5
104,6,0.0,2024/10/3,0
105,43,0.0,2024/10/3,3
106,30,0.0,2024/10/3,2
107,41,0.0,2024/10/3,2
108,27,0.0,2024/10/3,2
109,2,7.272727273,2024/10/4,0
110,10,0.230769231,2024/10/4,0
111,9,0.0,2024/10/4,3
112,13,0.692307692,2024/10/4,0
113,11,0.0,2024/10/4,4
114,8,0.0,2024/10/4,5
115,39,0.0,2024/10/4,3
116,21,18.0,2024/10/4,3
117,19,0.0,2024/10/4,3
118,14,1.285714286,2024/10/4,4
119,16,1.615384615,2024/10/4,0
120,1,2.133333333,2024/10/4,1
121,18,0.142857143,2024/10/4,1
122,35,0.0,2024/10/4,3
123,34,0.266666667,2024/10/4,1
124,7,2.4,2024/10/4,0
125,26,0.0,2024/10/4,1
126,4,3.181818182,2024/10/4,0
127,20,0.0,2024/10/4,3
128,3,1.333333333,2024/10/4,2
129,24,0.0,2024/10/4,0
130,29,2.2,2024/10/4,1
131,40,1.555555556,2024/10/4,2
132,22,0.0,2024/10/4,2
133,36,0.0,2024/10/4,2
134,28,0.0,2024/10/4,2
135,23,4.333333333,2024/10/4,0
136,12,0.0,2024/10/4,5
137,25,0.6,2024/10/4,0
138,15,0.461538462,2024/10/4,0
139,33,0.0,2024/10/4,3
140,5,0.0,2024/10/4,2
141,17,0.230769231,2024/10/4,0
142,32,0.0,2024/10/4,1
143,31,0.0,2024/10/4,0
144,42,0.0,2024/10/4,1
145,38,0.0,2024/10/4,1
146,37,1.363636364,2024/10/4,3
147,6,0.777777778,2024/10/4,0
148,43,1.555555556,2024/10/4,2
149,30,0.0,2024/10/4,2
150,41,0.461538462,2024/10/4,2
151,27,0.0,2024/10/4,3
152,2,0.0,2024/10/5,4
153,10,0.333333333,2024/10/5,1
154,9,0.0,2024/10/5,3
155,13,0.0,2024/10/5,0
156,11,0.0,2024/10/5,5
157,8,0.0,2024/10/5,7
158,39,0.0,2024/10/5,5
159,21,0.0,2024/10/5,2
160,19,0.0,2024/10/5,3
161,14,0.0,2024/10/5,2
162,16,1.0,2024/10/5,0
163,1,0.0,2024/10/5,2
164,18,0.0,2024/10/5,3
165,35,1.555555556,2024/10/5,2
166,34,3.857142857,2024/10/5,1
167,7,0.0,2024/10/5,0
168,26,0.0,2024/10/5,3
169,4,1.2,2024/10/5,0
170,20,0.0,2024/10/5,4
171,3,0.0,2024/10/5,0
172,24,1.2,2024/10/5,0
173,29,0.0,2024/10/5,5
174,40,15.0,2024/10/5,1
175,22,0.0,2024/10/5,2
176,36,0.0,2024/10/5,2
177,28,0.0,2024/10/5,3
178,23,2.571428571,2024/10/5,0
179,12,0.0,2024/10/5,9
180,25,0.0,2024/10/5,0
181,15,1.555555556,2024/10/5,1
182,33,0.0,2024/10/5,3
183,5,0.0,2024/10/5,0
184,17,0.0,2024/10/5,2
185,32,0.0,2024/10/5,1
186,31,0.0,2024/10/5,0
187,42,0.0,2024/10/5,1
188,38,0.0,2024/10/5,1
189,37,1.666666667,2024/10/5,1
190,6,0.0,2024/10/5,0
191,43,0.0,2024/10/5,0
192,30,0.0,2024/10/5,4
193,41,0.0,2024/10/5,0
194,27,0.0,2024/10/5,4
195,2,7.8,2024/10/6,0
196,10,0.0,2024/10/6,0
197,9,0.230769231,2024/10/6,1
198,13,5.0,2024/10/6,1
199,11,0.0,2024/10/6,5
200,8,0.0,2024/10/6,7
201,39,0.0,2024/10/6,3
202,21,0.2,2024/10/6,2
203,19,0.0,2024/10/6,4
204,14,0.0,2024/10/6,5
205,16,6.666666667,2024/10/6,0
206,1,17.11111111,2024/10/6,0
207,18,0.0,2024/10/6,4
208,35,0.0,2024/10/6,4
209,34,0.0,2024/10/6,1
210,7,0.0,2024/10/6,0
211,26,3.0,2024/10/6,1
212,4,3.0,2024/10/6,0
213,20,0.0,2024/10/6,4
214,3,0.0,2024/10/6,0
215,24,1.285714286,2024/10/6,0
216,29,0.0,2024/10/6,3
217,40,1.666666667,2024/10/6,1
218,22,0.0,2024/10/6,1
219,36,1.333333333,2024/10/6,3
220,28,0.0,2024/10/6,3
221,23,0.0,2024/10/6,0
222,12,0.0,2024/10/6,9
223,25,0.0,2024/10/6,2
224,15,0.0,2024/10/6,1
225,33,0.0,2024/10/6,2
226,5,0.0,2024/10/6,0
227,17,0.0,2024/10/6,2
228,32,0.0,2024/10/6,1
229,31,0.0,2024/10/6,0
230,42,0.0,2024/10/6,0
231,38,0.0,2024/10/6,2
232,37,0.692307692,2024/10/6,3
233,6,0.0,2024/10/6,0
234,43,0.0,2024/10/6,0
235,30,0.0,2024/10/6,3
236,41,0.0,2024/10/6,3
237,27,0.0,2024/10/6,4
238,2,5.0,2024/10/7,0
239,10,0.0,2024/10/7,1
240,9,0.0,2024/10/7,0
241,13,4.333333333,2024/10/7,0
242,11,0.0,2024/10/7,3
243,8,0.0,2024/10/7,7
244,39,0.333333333,2024/10/7,1
245,21,5.0,2024/10/7,1
246,19,0.0,2024/10/7,3
247,14,2.0,2024/10/7,4
248,16,6.0,2024/10/7,0
249,1,13.8,2024/10/7,2
250,18,0.0,2024/10/7,3
251,35,0.0,2024/10/7,4
252,34,0.0,2024/10/7,4
253,7,0.454545455,2024/10/7,1
254,26,0.0,2024/10/7,0
255,4,1.615384615,2024/10/7,1
256,20,0.0,2024/10/7,4
257,3,14.0,2024/10/7,0
258,24,0.142857143,2024/10/7,1
259,29,0.0,2024/10/7,4
260,40,0.0,2024/10/7,2
261,22,0.0,2024/10/7,1
262,36,3.0,2024/10/7,0
263,28,0.0,2024/10/7,3
264,23,4.333333333,2024/10/7,0
265,12,0.0,2024/10/7,9
266,25,0.0,2024/10/7,3
267,15,0.0,2024/10/7,2
268,33,0.0,2024/10/7,2
269,5,0.0,2024/10/7,0
270,17,0.0,2024/10/7,1
271,32,0.0,2024/10/7,1
272,31,0.0,2024/10/7,1
273,42,0.0,2024/10/7,0
274,38,0.0,2024/10/7,2
275,37,0.0,2024/10/7,3
276,6,0.0,2024/10/7,0
277,43,0.0,2024/10/7,2
278,30,2.571428571,2024/10/7,2
279,41,0.0,2024/10/7,4
280,27,0.0,2024/10/7,4
281,2,1.615384615,2024/10/8,0
282,10,0.0,2024/10/8,4
283,9,0.0,2024/10/8,2
284,13,0.0,2024/10/8,0
285,11,0.0,2024/10/8,3
286,8,0.0,2024/10/8,3
287,39,1.0,2024/10/8,0
288,21,0.0,2024/10/8,0
289,19,0.0,2024/10/8,3
290,14,0.285714286,2024/10/8,0
291,16,0.230769231,2024/10/8,0
292,1,0.0,2024/10/8,2
293,18,0.0,2024/10/8,2
294,35,0.0,2024/10/8,2
295,34,0.0,2024/10/8,3
296,7,0.0,2024/10/8,2
297,26,0.461538462,2024/10/8,0
298,4,0.0,2024/10/8,0
299,20,0.0,2024/10/8,2
300,3,0.0,2024/10/8,0
301,24,0.0,2024/10/8,2
302,29,0.0,2024/10/8,2
303,40,0.0,2024/10/8,2
304,22,0.0,2024/10/8,2
305,36,0.0,2024/10/8,0
306,28,0.0,2024/10/8,3
307,23,0.0,2024/10/8,0
308,12,0.0,2024/10/8,2
309,25,0.0,2024/10/8,1
310,15,0.0,2024/10/8,2
311,33,0.0,2024/10/8,2
312,5,0.0,2024/10/8,1
313,17,0.230769231,2024/10/8,0
314,32,0.0,2024/10/8,1
315,31,0.0,2024/10/8,1
316,42,0.0,2024/10/8,1
317,38,0.0,2024/10/8,3
318,37,0.0,2024/10/8,3
319,6,0.0,2024/10/8,0
320,43,0.0,2024/10/8,1
321,30,0.0,2024/10/8,0
322,41,0.0,2024/10/8,2
323,27,0.0,2024/10/8,4
324,2,0.0,2024/10/9,6
325,10,0.0,2024/10/9,4
326,9,0.0,2024/10/9,2
327,13,0.0,2024/10/9,3
328,11,0.0,2024/10/9,2
329,8,0.0,2024/10/9,2
330,39,0.0,2024/10/9,1
331,21,3.0,2024/10/9,0
332,19,0.0,2024/10/9,4
333,14,0.714285714,2024/10/9,2
334,16,0.133333333,2024/10/9,1
335,1,2.0,2024/10/9,5
336,18,0.133333333,2024/10/9,2
337,35,0.285714286,2024/10/9,1
338,34,0.0,2024/10/9,2
339,7,0.923076923,2024/10/9,4
340,26,0.0,2024/10/9,2
341,4,7.0,2024/10/9,0
342,20,0.0,2024/10/9,2
343,3,1.0,2024/10/9,3
344,24,0.0,2024/10/9,2
345,29,0.0,2024/10/9,1
346,40,0.454545455,2024/10/9,1
347,22,0.461538462,2024/10/9,2
348,36,0.0,2024/10/9,0
349,28,0.0,2024/10/9,4
350,23,0.0,2024/10/9,0
351,12,0.0,2024/10/9,3
352,25,0.0,2024/10/9,1
353,15,0.0,2024/10/9,2
354,33,0.0,2024/10/9,1
355,5,0.0,2024/10/9,1
356,17,0.0,2024/10/9,2
357,32,0.0,2024/10/9,1
358,31,0.0,2024/10/9,2
359,42,0.0,2024/10/9,1
360,38,0.0,2024/10/9,3
361,37,0.0,2024/10/9,3
362,6,0.0,2024/10/9,1
363,43,0.066666667,2024/10/9,1
364,30,0.0,2024/10/9,1
365,41,0.0,2024/10/9,2
366,27,0.0,2024/10/9,4
367,2,6.666666667,2024/10/10,1
368,10,0.0,2024/10/10,3
369,9,0.0,2024/10/10,2
370,13,2.333333333,2024/10/10,0
371,11,0.0,2024/10/10,4
372,8,0.0,2024/10/10,7
373,39,0.0,2024/10/10,1
374,21,2.307692308,2024/10/10,0
375,19,0.0,2024/10/10,5
376,14,0.0,2024/10/10,1
377,16,0.230769231,2024/10/10,0
378,1,2.6,2024/10/10,4
379,18,8.666666667,2024/10/10,1
380,35,0.0,2024/10/10,5
381,34,0.0,2024/10/10,2
382,7,1.363636364,2024/10/10,0
383,26,0.571428571,2024/10/10,1
384,4,13.0,2024/10/10,0
385,20,0.0,2024/10/10,3
386,3,3.333333333,2024/10/10,0
387,24,0.0,2024/10/10,2
388,29,0.0,2024/10/10,0
389,40,1.0,2024/10/10,0
390,22,2.727272727,2024/10/10,0
391,36,0.0,2024/10/10,2
392,28,0.0,2024/10/10,5
393,23,0.0,2024/10/10,0
394,12,0.0,2024/10/10,6
395,25,0.0,2024/10/10,0
396,15,0.923076923,2024/10/10,3
397,33,0.0,2024/10/10,2
398,5,0.0,2024/10/10,0
399,17,0.0,2024/10/10,2
400,32,0.0,2024/10/10,1
401,31,0.0,2024/10/10,2
402,42,0.777777778,2024/10/10,1
403,38,0.0,2024/10/10,4
404,37,5.0,2024/10/10,5
405,6,0.0,2024/10/10,1
406,43,0.0,2024/10/10,1
407,30,0.0,2024/10/10,1
408,41,0.0,2024/10/10,3
409,27,0.0,2024/10/10,4
410,2,0.0,2024/10/11,3
411,10,0.0,2024/10/11,2
412,9,0.0,2024/10/11,1
413,13,0.285714286,2024/10/11,0
414,11,0.0,2024/10/11,3
415,8,7.0,2024/10/11,3
416,39,0.0,2024/10/11,2
417,21,0.466666667,2024/10/11,2
418,19,0.0,2024/10/11,3
419,14,0.0,2024/10/11,2
420,16,0.857142857,2024/10/11,0
421,1,0.0,2024/10/11,1
422,18,4.333333333,2024/10/11,0
423,35,3.0,2024/10/11,3
424,34,0.0,2024/10/11,3
425,7,0.428571429,2024/10/11,0
426,26,1.555555556,2024/10/11,0
427,4,0.428571429,2024/10/11,0
428,20,0.0,2024/10/11,2
429,3,0.714285714,2024/10/11,0
430,24,0.0,2024/10/11,1
431,29,0.666666667,2024/10/11,0
432,40,0.0,2024/10/11,2
433,22,0.714285714,2024/10/11,0
434,36,0.0,2024/10/11,2
435,28,0.0,2024/10/11,2
436,23,3.0,2024/10/11,0
437,12,0.0,2024/10/11,3
438,25,0.142857143,2024/10/11,0
439,15,0.0,2024/10/11,0
440,33,4.4,2024/10/11,0
441,5,0.142857143,2024/10/11,0
442,17,1.555555556,2024/10/11,1
443,32,0.0,2024/10/11,1
444,31,0.0,2024/10/11,1
445,42,0.777777778,2024/10/11,1
446,38,0.0,2024/10/11,4
447,37,0.133333333,2024/10/11,1
448,6,0.0,2024/10/11,1
449,43,0.0,2024/10/11,2
450,30,0.0,2024/10/11,3
451,41,0.0,2024/10/11,3
452,27,0.0,2024/10/11,2
453,2,0.0,2024/10/13,4
454,10,0.0,2024/10/13,3
455,9,0.2,2024/10/13,3
456,13,0.0,2024/10/13,0
457,11,0.0,2024/10/13,4
458,8,0.466666667,2024/10/13,1
459,39,1.384615385,2024/10/13,2
460,21,0.0,2024/10/13,5
461,19,0.0,2024/10/13,4
462,14,4.545454545,2024/10/13,3
463,16,4.2,2024/10/13,1
464,1,17.33333333,2024/10/13,0
465,18,3.888888889,2024/10/13,2
466,35,2.0,2024/10/13,4
467,34,5.444444444,2024/10/13,1
468,7,0.0,2024/10/13,2
469,26,2.571428571,2024/10/13,0
470,4,0.0,2024/10/13,2
471,20,0.0,2024/10/13,5
472,3,0.0,2024/10/13,1
473,24,2.0,2024/10/13,0
474,29,0.0,2024/10/13,2
475,40,0.0,2024/10/13,5
476,22,0.0,2024/10/13,2
477,36,0.0,2024/10/13,0
478,28,2.0,2024/10/13,2
479,23,0.0,2024/10/13,0
480,12,0.0,2024/10/13,3
481,25,0.0,2024/10/13,0
482,15,0.0,2024/10/13,1
483,33,0.692307692,2024/10/13,1
484,5,1.285714286,2024/10/13,0
485,17,0.0,2024/10/13,1
486,32,0.0,2024/10/13,1
487,31,0.0,2024/10/13,3
488,42,4.333333333,2024/10/13,0
489,38,0.0,2024/10/13,3
490,37,0.0,2024/10/13,4
491,6,3.0,2024/10/13,0
492,43,0.0,2024/10/13,3
493,30,0.0,2024/10/13,3
494,41,0.0,2024/10/13,3
495,27,0.0,2024/10/13,0
496,2,3.692307692,2024/10/14,5
497,10,0.0,2024/10/14,2
498,9,0.0,2024/10/14,2
499,13,2.333333333,2024/10/14,2
500,11,0.714285714,2024/10/14,2
501,8,0.0,2024/10/14,3
502,39,1.2,2024/10/14,1
503,21,0.0,2024/10/14,3
504,19,1.666666667,2024/10/14,3
505,14,0.666666667,2024/10/14,1
506,16,0.0,2024/10/14,1
507,1,0.0,2024/10/14,6
508,18,0.0,2024/10/14,4
509,35,0.857142857,2024/10/14,3
510,34,0.2,2024/10/14,1
511,7,0.0,2024/10/14,2
512,26,1.285714286,2024/10/14,1
513,4,2.727272727,2024/10/14,1
514,20,0.133333333,2024/10/14,2
515,3,1.666666667,2024/10/14,1
516,24,0.0,2024/10/14,3
517,29,0.461538462,2024/10/14,2
518,40,0.692307692,2024/10/14,2
519,22,0.0,2024/10/14,1
520,36,0.133333333,2024/10/14,2
521,28,0.666666667,2024/10/14,1
522,23,1.285714286,2024/10/14,1
523,12,2.272727273,2024/10/14,3
524,25,0.0,2024/10/14,3
525,15,0.0,2024/10/14,1
526,33,0.0,2024/10/14,1
527,5,0.571428571,2024/10/14,1
528,17,0.0,2024/10/14,3
529,32,0.0,2024/10/14,2
530,31,0.0,2024/10/14,3
531,42,0.461538462,2024/10/14,1
532,38,0.454545455,2024/10/14,1
533,37,0.2,2024/10/14,2
534,6,0.0,2024/10/14,1
535,43,0.066666667,2024/10/14,1
536,30,0.0,2024/10/14,1
537,41,0.428571429,2024/10/14,2
538,27,0.0,2024/10/14,1
539,2,5.769230769,2024/10/15,6
540,10,0.0,2024/10/15,3
541,9,0.0,2024/10/15,2
542,13,0.0,2024/10/15,0
543,11,0.333333333,2024/10/15,2
544,8,0.0,2024/10/15,3
545,39,1.285714286,2024/10/15,1
546,21,0.714285714,2024/10/15,0
547,19,0.0,2024/10/15,2
548,14,0.0,2024/10/15,5
549,16,1.153846154,2024/10/15,2
550,1,2.866666667,2024/10/15,13
551,18,0.0,2024/10/15,4
552,35,2.0,2024/10/15,1
553,34,3.857142857,2024/10/15,1
554,7,0.0,2024/10/15,3
555,26,1.285714286,2024/10/15,0
556,4,1.0,2024/10/15,2
557,20,1.0,2024/10/15,2
558,3,1.666666667,2024/10/15,0
559,24,0.0,2024/10/15,3
560,29,0.428571429,2024/10/15,2
561,40,1.363636364,2024/10/15,1
562,22,0.0,2024/10/15,1
563,36,0.0,2024/10/15,1
564,28,0.0,2024/10/15,1
565,23,0.230769231,2024/10/15,0
566,12,2.2,2024/10/15,0
567,25,0.0,2024/10/15,1
568,15,0.0,2024/10/15,1
569,33,0.909090909,2024/10/15,1
570,5,0.0,2024/10/15,2
571,17,0.0,2024/10/15,3
572,32,0.0,2024/10/15,3
573,31,0.0,2024/10/15,3
574,42,1.0,2024/10/15,1
575,38,7.0,2024/10/15,1
576,37,3.857142857,2024/10/15,1
577,6,0.0,2024/10/15,3
578,43,3.0,2024/10/15,1
579,30,0.285714286,2024/10/15,1
580,41,0.0,2024/10/15,0
581,27,0.0,2024/10/15,3
582,2,8.181818182,2024/10/16,2
583,10,0.0,2024/10/16,3
584,9,0.0,2024/10/16,2
585,13,4.333333333,2024/10/16,0
586,11,0.0,2024/10/16,4
587,8,0.266666667,2024/10/16,3
588,39,13.0,2024/10/16,0
589,21,0.666666667,2024/10/16,4
590,19,0.0,2024/10/16,4
591,14,0.0,2024/10/16,4
592,16,0.0,2024/10/16,3
593,1,6.461538462,2024/10/16,2
594,18,0.0,2024/10/16,2
595,35,1.384615385,2024/10/16,2
596,34,0.0,2024/10/16,1
597,7,0.909090909,2024/10/16,1
598,26,0.0,2024/10/16,0
599,4,8.8,2024/10/16,0
600,20,0.0,2024/10/16,5
601,3,0.0,2024/10/16,0
602,24,0.0,2024/10/16,3
603,29,0.0,2024/10/16,0
604,40,0.0,2024/10/16,3
605,22,0.0,2024/10/16,1
606,36,0.0,2024/10/16,2
607,28,0.0,2024/10/16,3
608,23,0.0,2024/10/16,0
609,12,0.0,2024/10/16,4
610,25,1.285714286,2024/10/16,0
611,15,0.0,2024/10/16,1
612,33,0.461538462,2024/10/16,0
613,5,0.0,2024/10/16,1
614,17,0.0,2024/10/16,3
615,32,0.0,2024/10/16,3
616,31,0.0,2024/10/16,3
617,42,0.0,2024/10/16,0
618,38,0.0,2024/10/16,1
619,37,1.0,2024/10/16,3
620,6,0.0,2024/10/16,3
621,43,0.0,2024/10/16,1
622,30,0.0,2024/10/16,2
623,41,0.0,2024/10/16,3
624,27,0.0,2024/10/16,3
625,2,2.857142857,2024/10/17,0
626,10,0.0,2024/10/17,3
627,9,0.0,2024/10/17,2
628,13,7.0,2024/10/17,0
629,11,0.0,2024/10/17,4
630,8,0.6,2024/10/17,5
631,39,4.333333333,2024/10/17,0
632,21,7.714285714,2024/10/17,0
633,19,0.0,2024/10/17,4
634,14,0.0,2024/10/17,4
635,16,0.0,2024/10/17,4
636,1,0.0,2024/10/17,3
637,18,2.727272727,2024/10/17,1
638,35,0.0,2024/10/17,4
639,34,0.0,2024/10/17,2
640,7,4.333333333,2024/10/17,0
641,26,0.666666667,2024/10/17,0
642,4,4.333333333,2024/10/17,0
643,20,0.0,2024/10/17,4
644,3,2.0,2024/10/17,0
645,24,0.0,2024/10/17,2
646,29,0.0,2024/10/17,0
647,40,1.818181818,2024/10/17,3
648,22,0.0,2024/10/17,2
649,36,0.0,2024/10/17,3
650,28,1.363636364,2024/10/17,2
651,23,15.0,2024/10/17,0
652,12,0.0,2024/10/17,6
653,25,4.4,2024/10/17,0
654,15,2.2,2024/10/17,1
655,33,0.0,2024/10/17,0
656,5,0.0,2024/10/17,1
657,17,3.333333333,2024/10/17,2
658,32,0.0,2024/10/17,3
659,31,0.0,2024/10/17,3
660,42,0.0,2024/10/17,0
661,38,7.0,2024/10/17,1
662,37,2.571428571,2024/10/17,1
663,6,0.0,2024/10/17,2
664,43,0.0,2024/10/17,2
665,30,0.0,2024/10/17,3
666,41,0.0,2024/10/17,4
667,27,0.0,2024/10/17,3
668,2,0.0,2024/10/18,1
669,10,0.0,2024/10/18,1
670,9,0.0,2024/10/18,2
671,13,0.428571429,2024/10/18,0
672,11,0.461538462,2024/10/18,2
673,8,0.266666667,2024/10/18,3
674,39,0.692307692,2024/10/18,2
675,21,11.66666667,2024/10/18,3
676,19,0.0,2024/10/18,2
677,14,0.0,2024/10/18,2
678,16,0.0,2024/10/18,2
679,1,1.6,2024/10/18,1
680,18,0.461538462,2024/10/18,0
681,35,0.0,2024/10/18,3
682,34,0.666666667,2024/10/18,0
683,7,1.2,2024/10/18,0
684,26,0.0,2024/10/18,2
685,4,1.8,2024/10/18,0
686,20,0.0,2024/10/18,2
687,3,0.142857143,2024/10/18,0
688,24,0.454545455,2024/10/18,1
689,29,0.0,2024/10/18,0
690,40,0.692307692,2024/10/18,2
691,22,1.0,2024/10/18,3
692,36,0.0,2024/10/18,2
693,28,0.066666667,2024/10/18,0
694,23,0.0,2024/10/18,0
695,12,0.285714286,2024/10/18,2
696,25,0.0,2024/10/18,1
697,15,0.230769231,2024/10/18,1
698,33,0.0,2024/10/18,1
699,5,0.0,2024/10/18,2
700,17,0.142857143,2024/10/18,0
701,32,0.0,2024/10/18,2
702,31,0.0,2024/10/18,2
703,42,0.142857143,2024/10/18,0
704,38,0.0,2024/10/18,0
705,37,3.0,2024/10/18,1
706,6,0.0,2024/10/18,2
707,43,0.0,2024/10/18,2
708,30,0.0,2024/10/18,3
709,41,0.0,2024/10/18,3
710,27,0.0,2024/10/18,2
711,2,6.461538462,2024/10/19,1
712,10,0.0,2024/10/19,3
713,9,0.0,2024/10/19,1
714,13,0.0,2024/10/19,0
715,11,0.923076923,2024/10/19,2
716,8,1.846153846,2024/10/19,7
717,39,2.571428571,2024/10/19,1
718,21,28.0,2024/10/19,1
719,19,0.0,2024/10/19,2
720,14,0.333333333,2024/10/19,2
721,16,0.0,2024/10/19,3
722,1,2.466666667,2024/10/19,0
723,18,0.0,2024/10/19,2
724,35,0.0,2024/10/19,3
725,34,2.333333333,2024/10/19,2
726,7,0.0,2024/10/19,0
727,26,0.0,2024/10/19,1
728,4,3.0,2024/10/19,0
729,20,0.0,2024/10/19,3
730,3,0.0,2024/10/19,5
731,24,5.0,2024/10/19,0
732,29,0.0,2024/10/19,3
733,40,3.333333333,2024/10/19,1
734,22,1.0,2024/10/19,1
735,36,4.0,2024/10/19,2
736,28,0.2,2024/10/19,2
737,23,0.0,2024/10/19,2
738,12,0.692307692,2024/10/19,2
739,25,0.0,2024/10/19,2
740,15,7.0,2024/10/19,1
741,33,2.571428571,2024/10/19,1
742,5,0.0,2024/10/19,2
743,17,1.0,2024/10/19,0
744,32,0.0,2024/10/19,2
745,31,0.0,2024/10/19,2
746,42,0.0,2024/10/19,1
747,38,7.0,2024/10/19,1
748,37,2.272727273,2024/10/19,5
749,6,0.142857143,2024/10/19,1
750,43,0.0,2024/10/19,4
751,30,0.0,2024/10/19,2
752,41,0.0,2024/10/19,5
753,27,0.0,2024/10/19,2
754,2,3.0,2024/10/20,3
755,10,1.153846154,2024/10/20,3
756,9,0.0,2024/10/20,2
757,13,0.0,2024/10/20,0
758,11,1.8,2024/10/20,1
759,8,0.0,2024/10/20,6
760,39,0.0,2024/10/20,1
761,21,3.0,2024/10/20,1
762,19,0.0,2024/10/20,2
763,14,0.0,2024/10/20,3
764,16,14.0,2024/10/20,0
765,1,12.27272727,2024/10/20,0
766,18,0.0,2024/10/20,5
767,35,0.0,2024/10/20,5
768,34,0.857142857,2024/10/20,1
769,7,2.333333333,2024/10/20,2
770,26,1.363636364,2024/10/20,1
771,4,0.0,2024/10/20,3
772,20,0.0,2024/10/20,4
773,3,0.0,2024/10/20,3
774,24,0.0,2024/10/20,0
775,29,2.0,2024/10/20,2
776,40,6.666666667,2024/10/20,2
777,22,0.923076923,2024/10/20,0
778,36,0.0,2024/10/20,1
779,28,0.0,2024/10/20,1
780,23,1.2,2024/10/20,1
781,12,0.0,2024/10/20,7
782,25,1.2,2024/10/20,2
783,15,0.0,2024/10/20,0
784,33,1.818181818,2024/10/20,0
785,5,0.0,2024/10/20,2
786,17,0.0,2024/10/20,0
787,32,0.0,2024/10/20,2
788,31,0.0,2024/10/20,3
789,42,0.0,2024/10/20,2
790,38,0.777777778,2024/10/20,0
791,37,9.0,2024/10/20,0
792,6,15.0,2024/10/20,0
793,43,0.0,2024/10/20,3
794,30,0.0,2024/10/20,2
795,41,0.0,2024/10/20,4
796,27,4.4,2024/10/20,2
797,2,10.45454545,2024/10/21,3
798,10,0.0,2024/10/21,1
799,9,0.0,2024/10/21,2
800,13,2.571428571,2024/10/21,0
801,11,3.111111111,2024/10/21,1
802,8,0.4,2024/10/21,3
803,39,1.666666667,2024/10/21,0
804,21,8.0,2024/10/21,0
805,19,0.0,2024/10/21,3
806,14,0.0,2024/10/21,4
807,16,0.0,2024/10/21,0
808,1,5.0,2024/10/21,4
809,18,1.8,2024/10/21,2
810,35,0.0,2024/10/21,5
811,34,0.0,2024/10/21,4
812,7,0.428571429,2024/10/21,0
813,26,0.0,2024/10/21,0
814,4,0.0,2024/10/21,4
815,20,6.0,2024/10/21,2
816,3,1.818181818,2024/10/21,2
817,24,0.0,2024/10/21,1
818,29,0.0,2024/10/21,0
819,40,0.0,2024/10/21,0
820,22,0.2,2024/10/21,0
821,36,0.0,2024/10/21,1
822,28,0.0,2024/10/21,3
823,23,3.0,2024/10/21,0
824,12,0.0,2024/10/21,9
825,25,6.0,2024/10/21,1
826,15,0.0,2024/10/21,1
827,33,0.066666667,2024/10/21,1
828,5,0.0,2024/10/21,2
829,17,0.0,2024/10/21,0
830,32,0.0,2024/10/21,2
831,31,0.0,2024/10/21,3
832,42,0.0,2024/10/21,3
833,38,0.0,2024/10/21,2
834,37,0.666666667,2024/10/21,2
835,6,0.0,2024/10/21,0
836,43,0.0,2024/10/21,5
837,30,0.0,2024/10/21,2
838,41,0.0,2024/10/21,4
839,27,0.0,2024/10/21,0
840,2,1.666666667,2024/10/22,0
841,10,0.0,2024/10/22,2
842,9,0.0,2024/10/22,4
843,13,0.923076923,2024/10/22,0
844,11,0.0,2024/10/22,2
845,8,0.0,2024/10/22,4
846,39,0.0,2024/10/22,3
847,21,3.6,2024/10/22,1
848,19,2.333333333,2024/10/22,2
849,14,3.888888889,2024/10/22,2
850,16,1.384615385,2024/10/22,0
851,1,2.2,2024/10/22,1
852,18,6.0,2024/10/22,0
853,35,2.727272727,2024/10/22,3
854,34,0.0,2024/10/22,2
855,7,1.555555556,2024/10/22,0
856,26,1.2,2024/10/22,0
857,4,3.6,2024/10/22,0
858,20,1.0,2024/10/22,2
859,3,0.666666667,2024/10/22,0
860,24,4.4,2024/10/22,0
861,29,0.230769231,2024/10/22,1
862,40,0.692307692,2024/10/22,0
863,22,1.363636364,2024/10/22,1
864,36,0.0,2024/10/22,1
865,28,0.0,2024/10/22,2
866,23,3.0,2024/10/22,0
867,12,0.0,2024/10/22,5
868,25,45.0,2024/10/22,0
869,15,0.0,2024/10/22,1
870,33,0.0,2024/10/22,2
871,5,0.6,2024/10/22,1
872,17,4.333333333,2024/10/22,0
873,32,0.0,2024/10/22,1
874,31,0.0,2024/10/22,3
875,42,0.0,2024/10/22,2
876,38,0.0,2024/10/22,2
877,37,0.0,2024/10/22,5
878,6,0.0,2024/10/22,0
879,43,0.0,2024/10/22,2
880,30,0.0,2024/10/22,2
881,41,0.0,2024/10/22,2
882,27,0.0,2024/10/22,0
883,2,9.0,2024/10/23,0
884,10,0.0,2024/10/23,0
885,9,0.0,2024/10/23,4
886,13,0.0,2024/10/23,0
887,11,5.0,2024/10/23,2
888,8,0.0,2024/10/23,4
889,39,0.0,2024/10/23,4
890,21,21.66666667,2024/10/23,4
891,19,0.0,2024/10/23,2
892,14,0.0,2024/10/23,1
893,16,0.0,2024/10/23,1
894,1,6.692307692,2024/10/23,1
895,18,0.0,2024/10/23,1
896,35,0.0,2024/10/23,4
897,34,2.272727273,2024/10/23,0
898,7,0.6,2024/10/23,0
899,26,0.0,2024/10/23,1
900,4,0.0,2024/10/23,4
901,20,0.285714286,2024/10/23,2
902,3,0.142857143,2024/10/23,1
903,24,0.0,2024/10/23,1
904,29,0.0,2024/10/23,1
905,40,0.0,2024/10/23,2
906,22,0.0,2024/10/23,3
907,36,0.0,2024/10/23,1
908,28,0.0,2024/10/23,2
909,23,0.0,2024/10/23,0
910,12,0.0,2024/10/23,7
911,25,14.0,2024/10/23,0
912,15,0.0,2024/10/23,2
913,33,2.0,2024/10/23,1
914,5,0.133333333,2024/10/23,0
915,17,0.0,2024/10/23,2
916,32,0.0,2024/10/23,1
917,31,0.0,2024/10/23,2
918,42,0.0,2024/10/23,2
919,38,0.0,2024/10/23,2
920,37,0.0,2024/10/23,5
921,6,0.0,2024/10/23,2
922,43,0.0,2024/10/23,2
923,30,0.0,2024/10/23,2
924,41,0.0,2024/10/23,5
925,27,0.0,2024/10/23,2
926,2,2.0,2024/10/24,0
927,10,0.0,2024/10/24,2
928,9,0.0,2024/10/24,5
929,13,4.4,2024/10/24,0
930,11,0.0,2024/10/24,2
931,8,0.0,2024/10/24,6
932,39,2.571428571,2024/10/24,2
933,21,8.8,2024/10/24,1
934,19,0.0,2024/10/24,3
935,14,0.0,2024/10/24,3
936,16,7.714285714,2024/10/24,0
937,1,25.0,2024/10/24,0
938,18,1.2,2024/10/24,1
939,35,0.0,2024/10/24,5
940,34,0.266666667,2024/10/24,2
941,7,0.266666667,2024/10/24,0
942,26,1.666666667,2024/10/24,3
943,4,0.0,2024/10/24,0
944,20,0.0,2024/10/24,1
945,3,0.0,2024/10/24,2
946,24,1.0,2024/10/24,1
947,29,0.0,2024/10/24,2
948,40,3.333333333,2024/10/24,1
949,22,1.0,2024/10/24,2
950,36,4.333333333,2024/10/24,1
951,28,2.2,2024/10/24,1
952,23,4.333333333,2024/10/24,0
953,12,0.0,2024/10/24,9
954,25,45.0,2024/10/24,1
955,15,0.0,2024/10/24,1
956,33,1.384615385,2024/10/24,2
957,5,0.0,2024/10/24,0
958,17,4.333333333,2024/10/24,0
959,32,0.0,2024/10/24,2
960,31,3.857142857,2024/10/24,1
961,42,0.0,2024/10/24,2
962,38,0.0,2024/10/24,3
963,37,0.0,2024/10/24,5
964,6,0.0,2024/10/24,1
965,43,0.0,2024/10/24,2
966,30,0.0,2024/10/24,4
967,41,0.0,2024/10/24,3
968,27,0.0,2024/10/24,2
969,2,8.666666667,2024/10/25,0
970,10,0.0,2024/10/25,3
971,9,0.0,2024/10/25,1
972,13,0.285714286,2024/10/25,0
973,11,0.0,2024/10/25,2
974,8,0.0,2024/10/25,4
975,39,0.0,2024/10/25,2
976,21,0.666666667,2024/10/25,2
977,19,0.0,2024/10/25,3
978,14,1.333333333,2024/10/25,3
979,16,1.0,2024/10/25,0
980,1,4.571428571,2024/10/25,0
981,18,0.571428571,2024/10/25,1
982,35,1.142857143,2024/10/25,5
983,34,0.428571429,2024/10/25,2
984,7,1.555555556,2024/10/25,0
985,26,0.0,2024/10/25,0
986,4,0.428571429,2024/10/25,0
987,20,0.0,2024/10/25,3
988,3,0.0,2024/10/25,2
989,24,0.0,2024/10/25,1
990,29,30.0,2024/10/25,0
991,40,0.0,2024/10/25,2
992,22,0.0,2024/10/25,2
993,36,0.0,2024/10/25,1
994,28,0.428571429,2024/10/25,0
995,23,4.4,2024/10/25,0
996,12,3.111111111,2024/10/25,3
997,25,0.428571429,2024/10/25,0
998,15,0.666666667,2024/10/25,2
999,33,2.0,2024/10/25,0
1000,5,0.6,2024/10/25,0
1001,17,2.0,2024/10/25,0
1002,32,0.0,2024/10/25,2
1003,31,0.285714286,2024/10/25,0
1004,42,0.0,2024/10/25,2
1005,38,0.0,2024/10/25,3
1006,37,0.0,2024/10/25,2
1007,6,0.0,2024/10/25,3
1008,43,3.0,2024/10/25,1
1009,30,0.0,2024/10/25,2
1010,41,0.0,2024/10/25,3
1011,27,0.0,2024/10/25,2
1012,2,12.44444444,2024/10/26,0
1013,10,0.066666667,2024/10/26,1
1014,9,0.0,2024/10/26,2
1015,13,0.0,2024/10/26,0
1016,11,0.0,2024/10/26,5
1017,8,0.0,2024/10/26,7
1018,39,2.2,2024/10/26,0
1019,21,0.0,2024/10/26,8
1020,19,0.0,2024/10/26,5
1021,14,2.727272727,2024/10/26,4
1022,16,3.888888889,2024/10/26,0
1023,1,16.36363636,2024/10/26,0
1024,18,0.0,2024/10/26,4
1025,35,0.0,2024/10/26,5
1026,34,0.692307692,2024/10/26,1
1027,7,0.0,2024/10/26,0
1028,26,0.0,2024/10/26,1
1029,4,6.0,2024/10/26,1
1030,20,0.0,2024/10/26,2
1031,3,0.0,2024/10/26,2
1032,24,0.0,2024/10/26,2
1033,29,4.333333333,2024/10/26,1
1034,40,0.2,2024/10/26,2
1035,22,0.0,2024/10/26,3
1036,36,0.0,2024/10/26,3
1037,28,3.0,2024/10/26,2
1038,23,0.0,2024/10/26,0
1039,12,0.0,2024/10/26,3
1040,25,0.777777778,2024/10/26,0
1041,15,0.285714286,2024/10/26,0
1042,33,0.909090909,2024/10/26,1
1043,5,0.0,2024/10/26,0
1044,17,2.0,2024/10/26,0
1045,32,0.0,2024/10/26,2
1046,31,0.454545455,2024/10/26,0
1047,42,0.0,2024/10/26,2
1048,38,0.0,2024/10/26,3
1049,37,0.0,2024/10/26,5
1050,6,0.0,2024/10/26,2
1051,43,0.0,2024/10/26,0
1052,30,0.0,2024/10/26,2
1053,41,0.0,2024/10/26,5
1054,27,0.0,2024/10/26,2
1055,2,3.857142857,2024/10/27,1
1056,10,2.2,2024/10/27,1
1057,9,0.0,2024/10/27,1
1058,13,30.0,2024/10/27,0
1059,11,1.0,2024/10/27,2
1060,8,0.0,2024/10/27,6
1061,39,0.0,2024/10/27,2
1062,21,2.333333333,2024/10/27,3
1063,19,0.0,2024/10/27,3
1064,14,6.666666667,2024/10/27,2
1065,16,0.0,2024/10/27,1
1066,1,3.428571429,2024/10/27,2
1067,18,1.8,2024/10/27,1
1068,35,1.666666667,2024/10/27,2
1069,34,0.0,2024/10/27,3
1070,7,0.0,2024/10/27,2
1071,26,0.0,2024/10/27,1
1072,4,0.0,2024/10/27,1
1073,20,0.0,2024/10/27,3
1074,3,4.4,2024/10/27,1
1075,24,1.0,2024/10/27,1
1076,29,0.0,2024/10/27,3
1077,40,4.666666667,2024/10/27,4
1078,22,0.0,2024/10/27,3
1079,36,0.0,2024/10/27,3
1080,28,14.0,2024/10/27,2
1081,23,1.666666667,2024/10/27,0
1082,12,3.0,2024/10/27,3
1083,25,0.0,2024/10/27,1
1084,15,0.0,2024/10/27,2
1085,33,0.0,2024/10/27,1
1086,5,0.0,2024/10/27,0
1087,17,0.0,2024/10/27,2
1088,32,0.0,2024/10/27,3
1089,31,0.0,2024/10/27,2
1090,42,0.0,2024/10/27,2
1091,38,0.0,2024/10/27,3
1092,37,0.0,2024/10/27,4
1093,6,0.0,2024/10/27,2
1094,43,0.0,2024/10/27,1
1095,30,0.0,2024/10/27,3
1096,41,0.0,2024/10/27,5
1097,27,0.0,2024/10/27,2
1098,2,1.666666667,2024/10/28,0
1099,10,0.230769231,2024/10/28,1
1100,9,0.0,2024/10/28,1
1101,13,0.923076923,2024/10/28,0
1102,11,0.0,2024/10/28,3
1103,8,2.333333333,2024/10/28,2
1104,39,0.461538462,2024/10/28,1
1105,21,0.133333333,2024/10/28,0
1106,19,0.230769231,2024/10/28,1
1107,14,1.818181818,2024/10/28,1
1108,16,0.0,2024/10/28,2
1109,1,0.0,2024/10/28,1
1110,18,2.0,2024/10/28,1
1111,35,0.0,2024/10/28,2
1112,34,1.2,2024/10/28,1
1113,7,0.666666667,2024/10/28,1
1114,26,0.6,2024/10/28,1
1115,4,0.0,2024/10/28,3
1116,20,0.0,2024/10/28,2
1117,3,5.0,2024/10/28,0
1118,24,0.0,2024/10/28,0
1119,29,0.0,2024/10/28,2
1120,40,2.0,2024/10/28,2
1121,22,1.0,2024/10/28,3
1122,36,0.0,2024/10/28,3
1123,28,0.230769231,2024/10/28,0
1124,23,1.363636364,2024/10/28,0
1125,12,0.0,2024/10/28,2
1126,25,8.666666667,2024/10/28,0
1127,15,0.0,2024/10/28,3
1128,33,0.0,2024/10/28,2
1129,5,0.0,2024/10/28,1
1130,17,0.0,2024/10/28,3
1131,32,0.0,2024/10/28,3
1132,31,0.0,2024/10/28,2
1133,42,0.0,2024/10/28,3
1134,38,0.0,2024/10/28,3
1135,37,0.0,2024/10/28,3
1136,6,0.0,2024/10/28,2
1137,43,0.0,2024/10/28,1
1138,30,0.0,2024/10/28,3
1139,41,0.0,2024/10/28,2
1140,27,0.0,2024/10/28,3
1141,2,14.14285714,2024/10/29,0
1142,10,0.6,2024/10/29,0
1143,9,0.0,2024/10/29,2
1144,13,2.0,2024/10/29,1
1145,11,0.0,2024/10/29,4
1146,8,0.0,2024/10/29,6
1147,39,0.0,2024/10/29,3
1148,21,2.333333333,2024/10/29,5
1149,19,0.0,2024/10/29,4
1150,14,0.0,2024/10/29,3
1151,16,3.0,2024/10/29,0
1152,1,0.0,2024/10/29,1
1153,18,0.0,2024/10/29,0
1154,35,0.0,2024/10/29,4
1155,34,0.0,2024/10/29,2
1156,7,0.0,2024/10/29,0
1157,26,7.0,2024/10/29,1
1158,4,8.666666667,2024/10/29,0
1159,20,0.0,2024/10/29,4
1160,3,0.461538462,2024/10/29,0
1161,24,0.0,2024/10/29,4
1162,29,2.571428571,2024/10/29,2
1163,40,2.571428571,2024/10/29,0
1164,22,0.666666667,2024/10/29,0
1165,36,0.0,2024/10/29,2
1166,28,0.0,2024/10/29,2
1167,23,0.0,2024/10/29,0
1168,12,0.0,2024/10/29,3
1169,25,0.0,2024/10/29,0
1170,15,0.0,2024/10/29,3
1171,33,0.0,2024/10/29,2
1172,5,0.0,2024/10/29,1
1173,17,0.0,2024/10/29,3
1174,32,0.0,2024/10/29,3
1175,31,0.0,2024/10/29,2
1176,42,0.0,2024/10/29,3
1177,38,0.0,2024/10/29,3
1178,37,0.0,2024/10/29,5
1179,6,0.0,2024/10/29,1
1180,43,0.0,2024/10/29,2
1181,30,0.0,2024/10/29,3
1182,41,8.8,2024/10/29,4
1183,27,0.0,2024/10/29,3
1184,2,2.714285714,2024/10/30,1
1185,10,0.0,2024/10/30,0
1186,9,0.0,2024/10/30,3
1187,13,8.666666667,2024/10/30,0
1188,11,0.0,2024/10/30,5
1189,8,0.0,2024/10/30,2
1190,39,0.0,2024/10/30,2
1191,21,3.857142857,2024/10/30,1
1192,19,0.0,2024/10/30,4
1193,14,0.0,2024/10/30,3
1194,16,0.0,2024/10/30,1
1195,1,9.090909091,2024/10/30,1
1196,18,3.333333333,2024/10/30,2
1197,35,0.0,2024/10/30,4
1198,34,3.888888889,2024/10/30,3
1199,7,0.4,2024/10/30,1
1200,26,0.0,2024/10/30,0
1201,4,2.333333333,2024/10/30,0
1202,20,0.0,2024/10/30,4
1203,3,0.461538462,2024/10/30,1
1204,24,0.0,2024/10/30,4
1205,29,0.454545455,2024/10/30,0
1206,40,0.0,2024/10/30,0
1207,22,0.666666667,2024/10/30,2
1208,36,0.0,2024/10/30,2
1209,28,0.0,2024/10/30,3
1210,23,0.0,2024/10/30,0
1211,12,0.0,2024/10/30,2
1212,25,2.571428571,2024/10/30,1
1213,15,0.0,2024/10/30,4
1214,33,0.0,2024/10/30,3
1215,5,0.285714286,2024/10/30,2
1216,17,0.0,2024/10/30,3
1217,32,0.0,2024/10/30,3
1218,31,0.0,2024/10/30,3
1219,42,0.0,2024/10/30,3
1220,38,0.0,2024/10/30,3
1221,37,0.0,2024/10/30,5
1222,6,0.461538462,2024/10/30,1
1223,43,0.0,2024/10/30,2
1224,30,0.0,2024/10/30,3
1225,41,0.692307692,2024/10/30,1
1226,27,0.0,2024/10/30,3
1227,2,5.0,2024/10/31,0
1228,10,0.230769231,2024/10/31,0
1229,9,0.0,2024/10/31,3
1230,13,1.666666667,2024/10/31,0
1231,11,0.0,2024/10/31,5
1232,8,10.0,2024/10/31,5
1233,39,4.4,2024/10/31,1
1234,21,11.66666667,2024/10/31,0
1235,19,0.0,2024/10/31,5
1236,14,0.0,2024/10/31,4
1237,16,0.0,2024/10/31,3
1238,1,6.923076923,2024/10/31,0
1239,18,2.2,2024/10/31,1
1240,35,0.0,2024/10/31,4
1241,34,0.0,2024/10/31,2
1242,7,14.0,2024/10/31,0
1243,26,0.777777778,2024/10/31,0
1244,4,8.666666667,2024/10/31,1
1245,20,0.0,2024/10/31,5
1246,3,1.363636364,2024/10/31,0
1247,24,0.0,2024/10/31,2
1248,29,6.0,2024/10/31,1
1249,40,1.153846154,2024/10/31,1
1250,22,5.0,2024/10/31,0
1251,36,0.0,2024/10/31,3
1252,28,1.0,2024/10/31,2
1253,23,0.0,2024/10/31,0
1254,12,0.0,2024/10/31,8
1255,25,0.0,2024/10/31,0
1256,15,0.0,2024/10/31,2
1257,33,6.0,2024/10/31,1
1258,5,0.0,2024/10/31,0
1259,17,0.0,2024/10/31,3
1260,32,0.0,2024/10/31,3
1261,31,0.0,2024/10/31,3
1262,42,0.0,2024/10/31,3
1263,38,0.0,2024/10/31,2
1264,37,0.0,2024/10/31,4
1265,6,0.0,2024/10/31,0
1266,43,0.0,2024/10/31,3
1267,30,0.0,2024/10/31,2
1268,41,2.571428571,2024/10/31,2
1269,27,0.0,2024/10/31,3
